<?xml version="1.0" encoding="UTF-8"?>
<project xmlns="http://maven.apache.org/POM/4.0.0" xmlns:xsi="http://www.w3.org/2001/XMLSchema-instance" xsi:schemaLocation="http://maven.apache.org/POM/4.0.0 http://maven.apache.org/maven-v4_0_0.xsd">
  <modelVersion>4.0.0</modelVersion>
  <groupId>com</groupId>
  <artifactId>stones</artifactId>
  <name>${project.artifactId}</name>
  <version>1.0-SNAPSHOT</version>
  <description>3 stones</description>
  <developers>
    <developer>
      <name>Tiffany Le-Nguyen</name>
    </developer>
    <developer>
      <name>Trevor Eames</name>
    </developer>
    <developer>
      <name>Alessandro Ciotola</name>
    </developer>
  </developers>
  <organization>
    <name>Dawson</name>
  </organization>
  <build>
    <defaultGoal>clean compile package exec:exec</defaultGoal>
    <plugins>
      <plugin>
        <artifactId>maven-shade-plugin</artifactId>
        <version>3.0.0</version>
        <executions>
          <execution>
            <goals>
              <goal>shade</goal>
            </goals>
            <configuration>
              <transformers>
                <transformer>
                  <mainClass>${mainClass}</mainClass>
                </transformer>
              </transformers>
            </configuration>
          </execution>
        </executions>
      </plugin>
      <plugin>
        <groupId>org.codehaus.mojo</groupId>
        <artifactId>exec-maven-plugin</artifactId>
        <version>1.6.0</version>
        <executions>
          <execution>
            <id>default-cli</id>
            <goals>
              <goal>exec</goal>
              <goal>java</goal>
            </goals>
            <configuration>
              <mainClass>${mainClass}</mainClass>
              <executable>${java.home}/bin/java</executable>
              <commandlineArgs>-jar ${project.build.directory}/${project.build.finalName}.jar</commandlineArgs>
            </configuration>
          </execution>
        </executions>
      </plugin>
      <plugin>
        <artifactId>maven-surefire-plugin</artifactId>
        <version>2.20</version>
        <configuration>
          <argLine>-Dfile.encoding=${project.build.sourceEncoding}</argLine>
        </configuration>
      </plugin>
    </plugins>
  </build>
  <dependencies>
    <dependency>
      <groupId>junit</groupId>
      <artifactId>junit</artifactId>
      <version>4.12</version>
      <scope>test</scope>
      <exclusions>
        <exclusion>
          <artifactId>hamcrest-core</artifactId>
          <groupId>org.hamcrest</groupId>
        </exclusion>
      </exclusions>
    </dependency>
  </dependencies>
  <properties>
    <mainClass>TSServer.Server</mainClass>
    <maven.compiler.source>1.8</maven.compiler.source>
    <project.build.sourceEncoding>UTF-8</project.build.sourceEncoding>
    <maven.compiler.target>1.8</maven.compiler.target>
  </properties>
</project>

